"Species","X","Y"
"Hypopachus variolosus",-87.176172,20.953382
"Hypopachus variolosus",-89.810778,18.108533
"Hypopachus variolosus",-87.702344,18.732078
"Hypopachus variolosus",-89.778495,19.735238
"Hypopachus variolosus",-86.912187,20.86017
"Hypopachus variolosus",-89.41694,18.591308
"Hypopachus variolosus",-89.182892,21.23093
"Hypopachus variolosus",-100.715177,20.230624
"Hypopachus variolosus",-89.1829,21.230788
"Hypopachus variolosus",-87.393028,20.457547
"Hypopachus variolosus",-87.902062,21.006253
"Hypopachus variolosus",-89.836105,20.333912
"Hypopachus variolosus",-104.354295,20.50012
"Hypopachus variolosus",-87.39308,20.460205
"Hypopachus variolosus",-103.404042,20.774235
"Hypopachus variolosus",-105.349591,20.341927
"Hypopachus variolosus",-105.349985,20.34128
"Hypopachus variolosus",-102.452982,21.878655
"Hypopachus variolosus",-87.632845,20.648686
"Hypopachus variolosus",-103.183442,20.526722
"Hypopachus variolosus",-99.087839,18.94883
"Hypopachus variolosus",-103.81065,20.384278
"Hypopachus variolosus",-88.412534,18.687954
"Hypopachus variolosus",-87.079829,20.860562
"Hypopachus variolosus",-105.039147,19.493042
"Hypopachus variolosus",-93.211708,18.283016
"Hypopachus variolosus",-100.006519,25.34303
"Hypopachus variolosus",-99.764196,25.040278
"Hypopachus variolosus",-89.316929,21.123089
"Hypopachus variolosus",-89.957489,20.583422
"Hypopachus variolosus",-89.912095,20.55098
"Hypopachus variolosus",-103.396017,20.790923
"Hypopachus variolosus",-89.780272,20.399691
"Hypopachus variolosus",-103.217163,20.590088
"Hypopachus variolosus",-102.770617,20.330377
"Hypopachus variolosus",-89.897353,18.373667
"Hypopachus variolosus",-103.18566,20.421139
"Hypopachus variolosus",-105.117997,20.912567
"Hypopachus variolosus",-101.135231,20.184879
"Hypopachus variolosus",-97.355026,20.970501
"Hypopachus variolosus",-89.309487,17.962455
"Hypopachus variolosus",-89.309865,17.962503
"Hypopachus variolosus",-89.310836,17.962974
"Hypopachus variolosus",-89.308821,17.962356
"Hypopachus variolosus",-89.297522,17.958425
"Hypopachus variolosus",-102.960766,20.380542
"Hypopachus variolosus",-89.5839,21.148042
"Hypopachus variolosus",-89.582772,21.1503
"Hypopachus variolosus",-89.376276,21.14029
"Hypopachus variolosus",-89.376288,21.140689
"Hypopachus variolosus",-102.196329,21.755505
"Hypopachus variolosus",-89.376297,21.140672
"Hypopachus variolosus",-101.682453,18.812592
"Hypopachus variolosus",-89.56327,21.136478
"Hypopachus variolosus",-89.376272,21.140397
"Hypopachus variolosus",-87.583838,20.634472
"Hypopachus variolosus",-89.376312,21.140642
"Hypopachus variolosus",-89.497125,21.127295
"Hypopachus variolosus",-89.497987,21.125675
"Hypopachus variolosus",-89.378783,21.137628
"Hypopachus variolosus",-89.376305,21.14065
"Hypopachus variolosus",-89.49807,21.125511
"Hypopachus variolosus",-89.377617,21.140381
"Hypopachus variolosus",-87.305518,20.409249
"Hypopachus variolosus",-88.141896,21.167592
"Hypopachus variolosus",-87.63408,20.646561
"Hypopachus variolosus",-89.502442,21.110542
"Hypopachus variolosus",-89.50402,21.106914
"Hypopachus variolosus",-89.797188,21.137286
"Hypopachus variolosus",-103.376158,20.443475
"Hypopachus variolosus",-89.500617,21.113133
"Hypopachus variolosus",-87.672793,20.117604
"Hypopachus variolosus",-87.672793,20.117604
"Hypopachus variolosus",-87.344929,20.353441
"Hypopachus variolosus",-89.889283,18.447322
"Hypopachus variolosus",-89.896378,18.413983
"Hypopachus variolosus",-89.487192,18.403144
"Hypopachus variolosus",-101.694897,19.813559
"Hypopachus variolosus",-101.694907,19.8136
"Hypopachus variolosus",-101.694897,19.813559
"Hypopachus variolosus",-89.604963,21.093306
"Hypopachus variolosus",-89.326645,21.21323
"Hypopachus variolosus",-87.309688,20.412452
"Hypopachus variolosus",-89.665367,20.982659
"Hypopachus variolosus",-89.593627,21.091291
"Hypopachus variolosus",-102.369875,22.005077
"Hypopachus variolosus",-89.320731,21.122514
"Hypopachus variolosus",-87.142105,20.621445
"Hypopachus variolosus",-89.593615,21.091312
"Hypopachus variolosus",-103.599847,20.473559
"Hypopachus variolosus",-102.32297,21.701323
"Hypopachus variolosus",-87.186239,20.686526
"Hypopachus variolosus",-93.224268,16.903418
"Hypopachus variolosus",-91.369063,17.443337
"Hypopachus variolosus",-101.6951,19.8136
"Hypopachus variolosus",-101.6951,19.8136
"Hypopachus variolosus",-101.6951,19.8136
"Hypopachus variolosus",-105.038519,19.499072
"Hypopachus variolosus",-88.887911,21.30897
"Hypopachus variolosus",-89.680776,20.854207
"Hypopachus variolosus",-88.892144,21.310687
"Hypopachus variolosus",-88.914018,21.282847
"Hypopachus variolosus",-88.910362,21.286614
"Hypopachus variolosus",-88.913971,21.282951
"Hypopachus variolosus",-88.911287,21.286108
"Hypopachus variolosus",-88.914065,21.282162
"Hypopachus variolosus",-88.909801,21.287134
"Hypopachus variolosus",-88.909635,21.286999
"Hypopachus variolosus",-88.848,21.289997
"Hypopachus variolosus",-88.910965,21.286278
"Hypopachus variolosus",-88.847688,21.291866
"Hypopachus variolosus",-88.912442,21.285047
"Hypopachus variolosus",-88.912651,21.284917
"Hypopachus variolosus",-88.898113,21.31127
"Hypopachus variolosus",-88.912826,21.284774
"Hypopachus variolosus",-88.845504,21.298301
"Hypopachus variolosus",-88.848561,21.287083
"Hypopachus variolosus",-88.913232,21.284521
"Hypopachus variolosus",-88.912151,21.28534
"Hypopachus variolosus",-88.913,21.284688
"Hypopachus variolosus",-88.911153,21.286181
"Hypopachus variolosus",-88.848775,21.286523
"Hypopachus variolosus",-88.848389,21.287163
"Hypopachus variolosus",-88.85262,21.280721
"Hypopachus variolosus",-88.910794,21.28641
"Hypopachus variolosus",-89.490715,18.408618
"Hypopachus variolosus",-88.910611,21.286514
"Hypopachus variolosus",-88.890636,21.310391
"Hypopachus variolosus",-88.864786,21.315576
"Hypopachus variolosus",-88.91035,21.286536
"Hypopachus variolosus",-88.890744,21.310311
"Hypopachus variolosus",-88.849937,21.314616
"Hypopachus variolosus",-88.866589,21.316279
"Hypopachus variolosus",-87.133744,20.588695
"Hypopachus variolosus",-87.956633,21.457256
"Hypopachus variolosus",-87.639305,20.655122
"Hypopachus variolosus",-96.687702,19.349791
"Hypopachus variolosus",-89.574943,20.91632
"Hypopachus variolosus",-98.884175,23.7978
"Hypopachus variolosus",-89.575033,20.916375
"Hypopachus variolosus",-88.141981,21.168584
"Hypopachus variolosus",-89.90448,18.359347
"Hypopachus variolosus",-89.892953,18.364813
"Hypopachus variolosus",-89.902345,18.362738
"Hypopachus variolosus",-89.487093,18.404289
"Hypopachus variolosus",-103.473701,20.690785
"Hypopachus variolosus",-104.056935,20.650578
"Hypopachus variolosus",-103.530999,20.38979
"Hypopachus variolosus",-102.770572,20.330241
"Hypopachus variolosus",-89.52145,21.110826
"Hypopachus variolosus",-89.491438,18.409613
"Hypopachus variolosus",-101.542426,21.04432
"Hypopachus variolosus",-101.330522,20.754027
"Hypopachus variolosus",-88.22975,21.152978
"Hypopachus variolosus",-88.229185,21.153043
"Hypopachus variolosus",-87.317703,20.396045
"Hypopachus variolosus",-87.392499,20.457539
"Hypopachus variolosus",-88.155975,20.607904
"Hypopachus variolosus",-88.158051,20.605207
"Hypopachus variolosus",-87.393683,20.457099
"Hypopachus variolosus",-89.877809,18.345076
"Hypopachus variolosus",-108.774478,27.011308
"Hypopachus variolosus",-89.510255,21.095081
"Hypopachus variolosus",-89.877809,18.345076
"Hypopachus variolosus",-87.608863,21.361635
"Hypopachus variolosus",-93.857702,16.373005
"Hypopachus variolosus",-101.694824,19.812961
"Hypopachus variolosus",-101.694824,19.812961
"Hypopachus variolosus",-102.770558,20.330327
"Hypopachus variolosus",-103.143753,20.398653
"Hypopachus variolosus",-96.380506,19.59247
"Hypopachus variolosus",-90.23153,19.597839
"Hypopachus variolosus",-89.770816,20.360607
"Hypopachus variolosus",-97.074692,15.888945
"Hypopachus variolosus",-89.595316,21.159648
"Hypopachus variolosus",-104.671682,19.225128
"Hypopachus variolosus",-100.115453,21.466413
"Hypopachus variolosus",-89.625847,21.051114
"Hypopachus variolosus",-89.80308,18.10975
"Hypopachus variolosus",-89.802947,18.109489
"Hypopachus variolosus",-87.633133,20.644993
"Hypopachus variolosus",-87.63533,20.644893
"Hypopachus variolosus",-89.559343,20.753048
"Hypopachus variolosus",-87.633418,20.646308
"Hypopachus variolosus",-87.205195,20.544761
"Hypopachus variolosus",-89.595588,20.848785
"Hypopachus variolosus",-89.595759,20.848703
"Hypopachus variolosus",-90.485478,19.801989
"Hypopachus variolosus",-89.488154,21.1193
"Hypopachus variolosus",-89.49184,21.116311
"Hypopachus variolosus",-87.081151,21.001602
"Hypopachus variolosus",-103.682205,19.42273
"Hypopachus variolosus",-103.398803,20.797117
"Hypopachus variolosus",-104.111681,19.27447
"Hypopachus variolosus",-104.111695,19.274465
"Hypopachus variolosus",-91.510627,18.212456
"Hypopachus variolosus",-91.416789,18.229527
"Hypopachus variolosus",-88.051575,19.475056
"Hypopachus variolosus",-89.42466,21.011262
"Hypopachus variolosus",-103.810808,20.383853
"Hypopachus variolosus",-89.505072,21.1054
"Hypopachus variolosus",-89.510011,21.08222
"Hypopachus variolosus",-89.505652,21.10413
"Hypopachus variolosus",-89.810164,18.105178
"Hypopachus variolosus",-90.242735,20.033767
"Hypopachus variolosus",-89.92114,18.538159
"Hypopachus variolosus",-90.605943,19.785917
"Hypopachus variolosus",-90.605943,19.785917
"Hypopachus variolosus",-90.605943,19.785917
"Hypopachus variolosus",-101.690844,20.190524
"Hypopachus variolosus",-99.760652,25.044161
"Hypopachus variolosus",-97.01087,18.822986
"Hypopachus variolosus",-90.00141,20.055934
"Hypopachus variolosus",-89.899654,18.486933
"Hypopachus variolosus",-90.299754,19.995885
"Hypopachus variolosus",-89.396813,18.527677
"Hypopachus variolosus",-98.944966,18.532548
"Hypopachus variolosus",-93.222572,16.904428
"Hypopachus variolosus",-101.695185,19.812866
"Hypopachus variolosus",-102.903167,21.136586
"Hypopachus variolosus",-88.341003,19.125145
"Hypopachus variolosus",-88.272552,18.813919
"Hypopachus variolosus",-88.853959,21.374326
"Hypopachus variolosus",-88.33712,19.124
"Hypopachus variolosus",-98.380081,21.147815
"Hypopachus variolosus",-93.570104,17.933212
"Hypopachus variolosus",-93.588395,17.937764
"Hypopachus variolosus",-93.581483,17.936599
"Hypopachus variolosus",-93.772593,17.810233
"Hypopachus variolosus",-93.787484,17.819489
"Hypopachus variolosus",-93.661911,17.755685
"Hypopachus variolosus",-93.565423,17.807866
"Hypopachus variolosus",-93.686466,17.71955
"Hypopachus variolosus",-93.685528,17.71929
"Hypopachus variolosus",-93.527011,17.622734
"Hypopachus variolosus",-93.685843,17.721936
"Hypopachus variolosus",-88.272672,18.815882
"Hypopachus variolosus",-102.502804,21.155529
"Hypopachus variolosus",-93.523586,17.620965
"Hypopachus variolosus",-93.523586,17.620965
"Hypopachus variolosus",-93.57836,17.934627
"Hypopachus variolosus",-89.444972,18.512664
"Hypopachus variolosus",-88.456603,20.616878
"Hypopachus variolosus",-87.136081,20.589249
"Hypopachus variolosus",-99.775991,18.718895
"Hypopachus variolosus",-87.139646,20.621045
"Hypopachus variolosus",-89.309591,20.711908
"Hypopachus variolosus",-86.931962,20.857293
"Hypopachus variolosus",-89.248329,18.693507
"Hypopachus variolosus",-88.444923,20.590767
"Hypopachus variolosus",-88.446029,20.588276
"Hypopachus variolosus",-89.260697,21.32242
"Hypopachus variolosus",-87.546992,21.349904
"Hypopachus variolosus",-87.956633,21.457256
"Hypopachus variolosus",-99.106283,23.020056
"Hypopachus variolosus",-88.003418,21.430833
"Hypopachus variolosus",-101.695045,19.813107
"Hypopachus variolosus",-88.445839,20.588146
"Hypopachus variolosus",-88.446368,20.588113
"Hypopachus variolosus",-88.446131,20.588286
"Hypopachus variolosus",-88.446773,20.588719
"Hypopachus variolosus",-88.446948,20.58922
"Hypopachus variolosus",-90.015541,20.887514
"Hypopachus variolosus",-100.192453,19.166822
"Hypopachus variolosus",-96.191461,15.75378
"Hypopachus variolosus",-88.229199,21.156461
"Hypopachus variolosus",-87.135978,20.589067
"Hypopachus variolosus",-89.480605,18.41222
"Hypopachus variolosus",-103.193207,20.530027
"Hypopachus variolosus",-89.478506,18.398758
"Hypopachus variolosus",-100.004248,25.32626
"Hypopachus variolosus",-100.845905,19.935245
"Hypopachus variolosus",-88.444891,20.588105
"Hypopachus variolosus",-89.481178,18.407442
"Hypopachus variolosus",-87.368117,20.318059
"Hypopachus variolosus",-87.060675,20.886225
"Hypopachus variolosus",-108.942795,27.018207
"Hypopachus variolosus",-89.484091,18.51635
"Hypopachus variolosus",-88.206243,20.718945
"Hypopachus variolosus",-89.516176,21.068502
"Hypopachus variolosus",-89.516274,21.068554
"Hypopachus variolosus",-89.019905,20.18312
"Hypopachus variolosus",-99.703694,16.834776
"Hypopachus variolosus",-103.595865,21.996939
"Hypopachus variolosus",-101.68038,21.188179
"Hypopachus variolosus",-101.766401,21.293503
"Hypopachus variolosus",-101.765782,21.294234
"Hypopachus variolosus",-93.359054,16.797584
"Hypopachus variolosus",-87.956633,21.457256
"Hypopachus variolosus",-103.809258,19.471855
"Hypopachus variolosus",-103.809225,19.471874
"Hypopachus variolosus",-98.935574,22.266197
"Hypopachus variolosus",-103.809206,19.471861
"Hypopachus variolosus",-105.317787,22.222511
"Hypopachus variolosus",-89.32775,21.214013
"Hypopachus variolosus",-89.32775,21.214013
"Hypopachus variolosus",-92.017662,17.708115
"Hypopachus variolosus",-89.857741,18.3151
"Hypopachus variolosus",-89.899713,18.487829
"Hypopachus variolosus",-97.852765,20.726819
"Hypopachus variolosus",-98.759979,21.313401
"Hypopachus variolosus",-89.748969,18.18923
"Hypopachus variolosus",-89.328441,21.214127
"Hypopachus variolosus",-105.321419,22.638668
"Hypopachus variolosus",-103.39743,20.791307
"Hypopachus variolosus",-104.050153,20.536541
"Hypopachus variolosus",-89.286553,21.313578
"Hypopachus variolosus",-103.397637,20.791195
"Hypopachus variolosus",-103.397717,20.791197
"Hypopachus variolosus",-89.587637,21.265942
"Hypopachus variolosus",-87.637297,20.658732
"Hypopachus variolosus",-87.635801,20.657955
"Hypopachus variolosus",-87.632554,20.65656
"Hypopachus variolosus",-103.682037,19.421408
"Hypopachus variolosus",-87.632829,20.64701
"Hypopachus variolosus",-99.741688,18.753431
"Hypopachus variolosus",-89.243181,19.895393
"Hypopachus variolosus",-86.929054,21.044511
"Hypopachus variolosus",-89.62117,21.093499
"Hypopachus variolosus",-103.601006,19.263979
"Hypopachus variolosus",-89.639725,20.890234
"Hypopachus variolosus",-104.36418,20.59529
"Hypopachus variolosus",-103.22491,20.561507
"Hypopachus variolosus",-88.367861,18.723382
"Hypopachus variolosus",-89.617144,21.095529
"Hypopachus variolosus",-87.707771,21.479812
"Hypopachus variolosus",-88.015617,21.159413
"Hypopachus variolosus",-104.850823,21.423707
"Hypopachus variolosus",-93.269247,16.807262
"Hypopachus variolosus",-89.595633,21.06788
"Hypopachus variolosus",-93.269247,16.807262
"Hypopachus variolosus",-89.617998,21.099615
"Hypopachus variolosus",-89.617809,21.09957
"Hypopachus variolosus",-95.121872,18.37542
"Hypopachus variolosus",-90.762677,18.447554
"Hypopachus variolosus",-104.053473,20.226305
"Hypopachus variolosus",-103.538166,20.730742
"Hypopachus variolosus",-101.734871,18.945443
"Hypopachus variolosus",-98.315383,24.468953
"Hypopachus variolosus",-103.694993,22.193582
"Hypopachus variolosus",-88.791759,19.888652
"Hypopachus variolosus",-98.242883,24.50902
"Hypopachus variolosus",-99.392365,18.861012
"Hypopachus variolosus",-101.709775,20.635269
"Hypopachus variolosus",-99.741801,18.752799
"Hypopachus variolosus",-90.51242,19.733488
"Hypopachus variolosus",-103.565075,20.733418
"Hypopachus variolosus",-103.820713,19.097409
"Hypopachus variolosus",-89.771337,20.376227
"Hypopachus variolosus",-97.790419,21.286182
"Hypopachus variolosus",-105.042535,19.49652
"Hypopachus variolosus",-89.639352,21.029157
"Hypopachus variolosus",-86.85527,21.101895
"Hypopachus variolosus",-98.935574,22.266196
"Hypopachus variolosus",-97.854815,22.287031
"Hypopachus variolosus",-98.954739,22.208783
"Hypopachus variolosus",-100.16888,17.34316
"Hypopachus variolosus",-97.990959,17.642262
"Hypopachus variolosus",-97.990959,17.642262
"Hypopachus variolosus",-97.990959,17.642262
"Hypopachus variolosus",-97.990959,17.642262
"Hypopachus variolosus",-97.990959,17.642262
"Hypopachus variolosus",-97.990959,17.642262
"Hypopachus variolosus",-97.990959,17.642262
"Hypopachus variolosus",-97.990959,17.642262
"Hypopachus variolosus",-97.990959,17.642262
"Hypopachus variolosus",-97.990959,17.642262
"Hypopachus variolosus",-97.990959,17.642262
"Hypopachus variolosus",-97.990959,17.642262
"Hypopachus variolosus",-97.990959,17.642262
"Hypopachus variolosus",-97.990959,17.642262
"Hypopachus variolosus",-97.990959,17.642262
"Hypopachus variolosus",-97.990959,17.642262
"Hypopachus variolosus",-97.990959,17.642262
"Hypopachus variolosus",-93.232637,16.841197
"Hypopachus variolosus",-90.529462,19.088294
"Hypopachus variolosus",-88.505996,18.765963
"Hypopachus variolosus",-101.696841,19.807769
"Hypopachus variolosus",-102.776892,20.789949
"Hypopachus variolosus",-87.658846,21.511445
"Hypopachus variolosus",-99.036775,18.970145
"Hypopachus variolosus",-102.846951,20.846976
"Hypopachus variolosus",-102.851309,20.845372
"Hypopachus variolosus",-97.269561,15.939042
"Hypopachus variolosus",-102.733581,20.974201
"Hypopachus variolosus",-105.039147,19.497033
"Hypopachus variolosus",-99.7773,16.995158
"Hypopachus variolosus",-89.925445,18.538717
"Hypopachus variolosus",-89.406684,18.669499
"Hypopachus variolosus",-89.406715,18.669524
"Hypopachus variolosus",-101.693724,19.807503
"Hypopachus variolosus",-89.641592,21.224277
"Hypopachus variolosus",-96.535101,19.184556
"Hypopachus variolosus",-93.14077,16.721012
"Hypopachus variolosus",-89.392116,19.271319
"Hypopachus variolosus",-102.751865,20.834828
"Hypopachus variolosus",-91.989001,18.078559
"Hypopachus variolosus",-102.752608,20.827229
"Hypopachus variolosus",-89.3921,19.2713
"Hypopachus variolosus",-98.926389,22.150556
"Hypopachus variolosus",-98.948055,22.232778
"Hypopachus variolosus",-100.890756,20.723033
"Hypopachus variolosus",-96.382188,19.594973
"Hypopachus variolosus",-98.971111,22.219167
"Hypopachus variolosus",-99.218219,18.681456
"Hypopachus variolosus",-99.233128,18.683231
"Hypopachus variolosus",-99.217319,18.67545
"Hypopachus variolosus",-99.231531,18.674236
"Hypopachus variolosus",-99.217319,18.67545
"Hypopachus variolosus",-99.217319,18.67545
"Hypopachus variolosus",-99.218892,18.675733
"Hypopachus variolosus",-99.217319,18.67545
"Hypopachus variolosus",-99.225694,18.669175
"Hypopachus variolosus",-99.218892,18.675733
"Hypopachus variolosus",-99.225656,18.667844
"Hypopachus variolosus",-99.225656,18.667844
"Hypopachus variolosus",-99.225656,18.667844
"Hypopachus variolosus",-99.225656,18.667844
"Hypopachus variolosus",-99.225656,18.669053
"Hypopachus variolosus",-99.225656,18.667844
"Hypopachus variolosus",-99.225656,18.669053
"Hypopachus variolosus",-99.218892,18.675733
"Hypopachus variolosus",-99.232428,18.671331
"Hypopachus variolosus",-99.232428,18.671331
"Hypopachus variolosus",-99.232428,18.671331
"Hypopachus variolosus",-99.232428,18.671331
"Hypopachus variolosus",-88.832985,18.476305
"Hypopachus variolosus",-88.832962,18.476412
"Hypopachus variolosus",-103.226618,20.566853
"Hypopachus variolosus",-105.044583,19.498627
"Hypopachus variolosus",-105.046289,19.497285
"Hypopachus variolosus",-88.524773,18.761829
"Hypopachus variolosus",-88.524773,18.761829
"Hypopachus variolosus",-88.524773,18.761829
"Hypopachus variolosus",-88.522278,18.768379
"Hypopachus variolosus",-88.522804,18.770422
"Hypopachus variolosus",-89.889559,18.475709
"Hypopachus variolosus",-89.302908,18.839349
"Hypopachus variolosus",-88.271922,20.642039
"Hypopachus variolosus",-88.890209,21.382993
"Hypopachus variolosus",-99.923095,25.226703
"Hypopachus variolosus",-89.447647,18.550681
"Hypopachus variolosus",-102.788849,20.38073
"Hypopachus variolosus",-90.194744,20.781647
